<?xml version="1.0" encoding="gbk"?>
<!DOCTYPE abatorConfiguration PUBLIC "-//Apache Software Foundation//DTD Abator for iBATIS Configuration 1.0//EN"
        "http://abator.com/dtd/abator-config_1_0.dtd">

<abatorConfiguration>
  	<abatorContext generatorSet="Java5" defaultModelType="conditional" >
		<jdbcConnection driverClass="com.mysql.jdbc.Driver" connectionURL="jdbc:mysql://192.168.1.85:3306/afocus" userId="root" password="123456" >
      <classPathEntry location="D:\repository\mysql\mysql-connector-java\5.1.25\mysql-connector-java-5.1.25.jar" />
    </jdbcConnection>
    <javaModelGenerator targetPackage="com.springmvc.test.bean.db" targetProject="D:\workspace\afocus-simple/src/main/java" />
    <sqlMapGenerator targetPackage="com.springmvc.test.sqlmap" targetProject="D:\workspace\afocus-simple/src/main/resources" >
      <property name="databaseVendor" value="mysql" />
    </sqlMapGenerator>
    <daoGenerator type="build" targetPackage="com.springmvc.test.dao" targetProject="D:\workspace\afocus-simple/src/main/java" >
      <property name="useSpringAnnotation" value="true" />
      <property name="methodNameCalculator" value="default" />
      <property name="rootInterface" value="com.afocus.framework.base.dao.BaseDao" />
    </daoGenerator>
    <serviceGenerator type="build" targetPackage="com.springmvc.test.service" targetProject="D:/workspace/afocus-simple/src/main/java" >
      <property name="rootInterface" value="com.afocus.framework.base.service.BaseService" />
    </serviceGenerator>
    <!--<controllerGenerator type="build" targetPackage="com.springmvc.test.action" targetProject="D:\workspace\afocus-simple/src/main/java" >
      <property name="moduleUrlPrefix" value="/admin" />
      <property name="methodNameCalculator" value="extended" />
    </controllerGenerator>  -->
	    
	<table schema="" tableName="activity_log" domainObjectName="ActivityLog" label="" ></table>
		
		
	</abatorContext>
</abatorConfiguration>
